id,display_name,orcid,works_count,cited_by_count
https://openalex.org/A5000176873,Ornella Mich,,67,1207
https://openalex.org/A5000540315,Matteo Gerosa,https://orcid.org/0000-0001-7741-0436,31,1034
https://openalex.org/A5000848496,Elisabeth L. G. Sikken,,2,69
https://openalex.org/A5001006565,Philip J. Dunham,,78,3835
https://openalex.org/A5001164649,فریبا شهرکی ثانوی,,2,0
https://openalex.org/A5001630524,E. A. Tutov,https://orcid.org/0000-0002-5481-8137,28,87
https://openalex.org/A5002146860,Z. Luz,,281,8266
https://openalex.org/A5002753249,A. E. W. Boyd,,40,445
https://openalex.org/A5002773536,Yanna NuLi,https://orcid.org/0000-0003-0604-8550,277,15293
https://openalex.org/A5004898999,牛智川,,81,6
https://openalex.org/A5004965764,Graeme D Smith,https://orcid.org/0000-0003-2974-3919,198,2974
https://openalex.org/A5005833713,Bobbi Rhe Stringer,https://orcid.org/0000-0001-5427-7951,5,9
https://openalex.org/A5005963737,Olga Lavinda,https://orcid.org/0000-0003-3577-5984,29,148
https://openalex.org/A5006083279,Thomas Bugge,https://orcid.org/0000-0001-7046-4060,221,14448
https://openalex.org/A5006150070,詹峰,,2,0
https://openalex.org/A5006291799,Nia C. S. Lewis,https://orcid.org/0000-0001-9096-6703,52,2160
https://openalex.org/A5006477586,Silvia Montaner,https://orcid.org/0000-0002-6354-5898,82,5195
https://openalex.org/A5006492499,David F. Tolin,https://orcid.org/0000-0003-0123-889X,423,31461
https://openalex.org/A5006498263,James J. Heger,,118,6460
https://openalex.org/A5007057615,A. Zimmermann,,38,714
https://openalex.org/A5008431508,Mariano Martínez,https://orcid.org/0000-0003-4460-8045,55,432
https://openalex.org/A5009513706,Kedmon Hungwe,https://orcid.org/0000-0002-1911-509X,36,222
https://openalex.org/A5009514589,Sasan Karimi,https://orcid.org/0000-0002-6687-7556,53,328
https://openalex.org/A5009855846,Alyosha Molnar,https://orcid.org/0000-0001-7674-1874,161,4608
https://openalex.org/A5011527211,شهین دخت نوابی ریگی,,8,0
https://openalex.org/A5012048535,Polat Topuz,https://orcid.org/0000-0001-9715-6682,33,149
https://openalex.org/A5012589022,Maria T. M. Dijkstra,,33,1445
https://openalex.org/A5012686175,Yoshihisa Sone,,13,116
https://openalex.org/A5012770158,G. A. Ravishankar,https://orcid.org/0000-0003-3486-9161,375,21617
https://openalex.org/A5012790096,A. Bowcock,https://orcid.org/0000-0001-8691-9090,927,32765
https://openalex.org/A5013110958,Bernardo Moreno Jiménez,https://orcid.org/0000-0001-5360-0518,290,6241
https://openalex.org/A5014055213,Yagil Levy,https://orcid.org/0000-0002-6166-9395,106,985
https://openalex.org/A5014072954,王莉娟,,74,1
https://openalex.org/A5014143201,L.P. Muren,https://orcid.org/0000-0002-7418-5832,460,5294
https://openalex.org/A5014698375,김성은,,968,71
https://openalex.org/A5014818202,L. Rajendran,https://orcid.org/0000-0001-8840-7419,138,1374
https://openalex.org/A5015012736,J Turco,,35,686
https://openalex.org/A5015577984,Tuhudahong Yilinuer,,1,67
https://openalex.org/A5015665148,Prem Gunnasegaran,,76,2385
https://openalex.org/A5015745192,Amar J. Majmundar,https://orcid.org/0000-0002-9891-178X,77,4840
https://openalex.org/A5017089838,Urs Führer,,61,3299
https://openalex.org/A5017193780,Lingling Shui,,146,3366
https://openalex.org/A5017208488,Xing‐Han Wang,,23,238
https://openalex.org/A5017244146,B.W. Cook,,9,716
https://openalex.org/A5017568297,Eren Yılmaz,https://orcid.org/0000-0001-7264-2588,60,849
https://openalex.org/A5017883854,Stefan Meyna,,1,2
https://openalex.org/A5018481266,Carl R. Oman,,7,55
https://openalex.org/A5018742363,H.D. Harmon,,40,147
https://openalex.org/A5018768419,박재정,,8,10
https://openalex.org/A5021019491,Michele Iovieno,https://orcid.org/0000-0003-3200-5765,140,473
https://openalex.org/A5022852726,Kennedy Walibora Waliaula,,2,0
https://openalex.org/A5022872215,P. W. Trezona,,17,393
https://openalex.org/A5023555924,P. Läger,,1,10
https://openalex.org/A5023694573,Mansour A. Parsi,https://orcid.org/0000-0002-1354-9815,254,6190
https://openalex.org/A5023727622,Slavica Gašić,https://orcid.org/0000-0002-5076-0281,43,405
https://openalex.org/A5024377495,E Myersough,,1,6
https://openalex.org/A5024823565,Behfar Eivazi,,57,1469
https://openalex.org/A5026802381,Hussein A. Mohammed,https://orcid.org/0000-0002-8730-3674,299,13121
https://openalex.org/A5026909899,Piotr Tékély,https://orcid.org/0000-0002-9470-0168,131,3271
https://openalex.org/A5027032021,S. Holt,https://orcid.org/0000-0001-5004-5539,416,11399
https://openalex.org/A5027675893,Keiko Aogaichi,,15,258
https://openalex.org/A5028065206,A. I. Goldman,https://orcid.org/0000-0002-4341-1374,523,16370
https://openalex.org/A5029294958,Wiebke Ebeling,,2,124
https://openalex.org/A5029453363,L. V. Venkataraman,,89,2118
https://openalex.org/A5030094754,Новикова Мария Вячеславовна,,1,0
https://openalex.org/A5030647016,Janghyeok Yoon,https://orcid.org/0000-0002-8701-0695,136,3657
https://openalex.org/A5030656334,Marcelo Gervilla Gregório,https://orcid.org/0000-0002-2526-4606,42,657
https://openalex.org/A5033219628,John C. Somberg,https://orcid.org/0000-0002-4518-6203,581,6598
https://openalex.org/A5034071199,Gaetano Maria Di Cicca,https://orcid.org/0000-0002-8735-5853,70,436
https://openalex.org/A5034260423,정성애,,54,4
https://openalex.org/A5034625687,Irina Mironova,https://orcid.org/0000-0003-4437-834X,90,1403
https://openalex.org/A5035100394,Tarmidi Tarmidi,,10,62
https://openalex.org/A5035183416,Tobias Amann,https://orcid.org/0000-0002-3683-0183,54,1039
https://openalex.org/A5036641663,Kate N. Thomas,https://orcid.org/0000-0003-1565-9169,108,3378
https://openalex.org/A5036730126,Alfredo A. Molinolo,,90,2097
https://openalex.org/A5037149546,Masaki Takahashi,https://orcid.org/0000-0002-4038-8164,261,3468
https://openalex.org/A5037380376,Lou Massa,https://orcid.org/0000-0001-6662-3428,228,2758
https://openalex.org/A5037520322,علیرضا انصاری مقدم,,17,0
https://openalex.org/A5037625807,Arthur Bernardes Cecílio Filho,https://orcid.org/0000-0002-6706-5496,253,2150
https://openalex.org/A5038547213,Charlotte Overgaard,https://orcid.org/0000-0002-3370-2338,180,1872
https://openalex.org/A5038753309,J. Silvio Gutkind,https://orcid.org/0000-0002-5150-4482,1286,66686
https://openalex.org/A5039163522,Annelise Mark Pejtersen,,87,1820
https://openalex.org/A5039353257,Е. Н. Бормонтов,https://orcid.org/0009-0004-6959-473X,51,103
https://openalex.org/A5039841003,Zi Chuan Yi,,2,109
https://openalex.org/A5040161889,Steven Lanzisera,,46,1744
https://openalex.org/A5040483605,Gladys O. Stonestreet,,1,5
https://openalex.org/A5040542885,Taeheon Kim,https://orcid.org/0000-0003-1743-5134,532,527
https://openalex.org/A5041026215,Hiroko Ajiki,,5,44
https://openalex.org/A5042132852,Ambra Neri,https://orcid.org/0009-0002-4661-4027,26,1152
https://openalex.org/A5043016445,강민정,,681,166
https://openalex.org/A5043073042,Luce Giard,,88,873
https://openalex.org/A5043212932,Jane Sandall,https://orcid.org/0000-0003-2000-743X,520,17164
https://openalex.org/A5044527553,David A. Khan,https://orcid.org/0000-0001-9880-6181,394,25874
https://openalex.org/A5045530498,Sun Yung Ly,https://orcid.org/0000-0001-6813-8573,1718,1024
https://openalex.org/A5045560377,Karoline Hesterberg,,4,45
https://openalex.org/A5046170578,Guigen Li,https://orcid.org/0000-0002-9312-412X,711,18293
https://openalex.org/A5046703138,노영욱,,3,0
https://openalex.org/A5046716612,Lew Richards,,4,26
https://openalex.org/A5047474602,فاطمه رخشانی,,31,0
https://openalex.org/A5047636285,Tyler Stevens,https://orcid.org/0000-0002-4950-3229,435,6085
https://openalex.org/A5048572830,유권,,66,9
https://openalex.org/A5049367374,Mike Leat,,35,1420
https://openalex.org/A5049390720,Peter W. Stephens,https://orcid.org/0000-0002-8311-7305,662,20430
https://openalex.org/A5049536127,Robert A. Hayes,https://orcid.org/0000-0002-4913-9375,64,3684
https://openalex.org/A5049619238,倪海桥,,41,1
https://openalex.org/A5049688464,Melanie Hudson Smith,https://orcid.org/0000-0002-2298-4237,24,1186
https://openalex.org/A5049762198,Cai Grau,https://orcid.org/0000-0003-3548-3527,555,20855
https://openalex.org/A5050249317,N.H. Shuaib,,61,3035
https://openalex.org/A5050624831,Andreas Kailer,https://orcid.org/0000-0001-6481-0457,101,2527
https://openalex.org/A5050707067,Paulo Manuel Pêgo‐Fernandes,https://orcid.org/0000-0001-7243-5343,608,3583
https://openalex.org/A5051264147,Jacob Christian Lindegaard,https://orcid.org/0000-0003-2426-7255,204,9084
https://openalex.org/A5051664317,이명원,,7,2
https://openalex.org/A5051756179,Miguel Onorato,https://orcid.org/0000-0001-9141-2147,323,11504
https://openalex.org/A5052121018,Shin-nosuke Ichikawa,,10,180
https://openalex.org/A5052158426,A.D. Berny,,5,763
https://openalex.org/A5052190366,萨出拉,,1,0
https://openalex.org/A5052254983,Richard Fux,,23,836
https://openalex.org/A5052359947,Yasuyuki Nakamura,https://orcid.org/0000-0002-3710-5258,429,9550
https://openalex.org/A5052874250,Christopher H. Barker,https://orcid.org/0000-0002-1328-8918,40,538
https://openalex.org/A5053716492,Emine Gündoğdu,https://orcid.org/0000-0002-2342-6202,5,21
https://openalex.org/A5053835291,Ryan Law,,11,107
https://openalex.org/A5054079981,Filipe Almeida,https://orcid.org/0000-0001-9819-4525,29,125
https://openalex.org/A5055238958,Patricio E. Ray,https://orcid.org/0000-0003-2223-9584,168,6451
https://openalex.org/A5055852468,Dirk K. Morr,https://orcid.org/0000-0003-3692-2835,216,3916
https://openalex.org/A5056714655,W. A. Eubanks,,2,0
https://openalex.org/A5057130762,Diego Giuliani,https://orcid.org/0000-0002-7198-6714,187,2604
https://openalex.org/A5058180511,Morten Fenger‐Grøn,https://orcid.org/0000-0002-6354-5871,116,4528
https://openalex.org/A5059025714,E. E. Tutov,,3,8
https://openalex.org/A5059569486,Peng Bai,https://orcid.org/0009-0002-9293-4646,25,205
https://openalex.org/A5060002897,C. Gadomski,,12,24
https://openalex.org/A5060869096,Toshihide Masuda,,7,62
https://openalex.org/A5060924053,刘少卿,,16,0
https://openalex.org/A5061026061,Earl T. Sawai,,30,2735
https://openalex.org/A5061134999,Eugênio do Carvalhal,,2,19
https://openalex.org/A5061447987,Detlef Reichert,https://orcid.org/0000-0002-6876-1901,117,2398
https://openalex.org/A5061738669,Luis Gustavo S.I Castilho,,1,1
https://openalex.org/A5062472452,Alison Ashby,https://orcid.org/0000-0002-8979-3726,13,1222
https://openalex.org/A5062696771,Gabriele M. Böhmer,,13,373
https://openalex.org/A5064062769,Fábio Biscegli Jatene,https://orcid.org/0000-0001-6175-5595,885,10381
https://openalex.org/A5064375222,Gert T.M. Prinsloo,https://orcid.org/0000-0003-4126-0311,48,97
https://openalex.org/A5064536007,Ning Ma,https://orcid.org/0000-0001-8076-0795,255,3893
https://openalex.org/A5064778447,Róbert Hermann,https://orcid.org/0000-0002-1326-5943,525,20722
https://openalex.org/A5065400261,L. M. Shier,,13,143
https://openalex.org/A5065688000,Volker Dürr,https://orcid.org/0000-0001-9239-4964,189,2358
https://openalex.org/A5065805547,Philip N. Ainslie,https://orcid.org/0000-0001-6560-222X,562,22106
https://openalex.org/A5067304513,David Wesley,,16,24
https://openalex.org/A5068467856,Michael D. David,https://orcid.org/0000-0003-3645-9588,32,520
https://openalex.org/A5068510533,Stephan Schulze,https://orcid.org/0000-0002-1643-9486,136,1319
https://openalex.org/A5069603852,W Wurst,,64,1890
https://openalex.org/A5069870288,H. Zimmermann,https://orcid.org/0000-0002-1653-6702,837,13935
https://openalex.org/A5070166236,Nathan H. Carliner,,38,1991
https://openalex.org/A5070797435,Sherri Osborne‐Lawrence,https://orcid.org/0000-0002-2524-6643,73,5863
https://openalex.org/A5072820543,黄社松,,10,0
https://openalex.org/A5072980225,Federica Pozzi,https://orcid.org/0000-0002-8174-2684,90,1634
https://openalex.org/A5073129301,Jens Overgaard,https://orcid.org/0000-0002-0814-8179,1163,53059
https://openalex.org/A5073552534,Aravinda Chakravarti,https://orcid.org/0000-0002-4264-2285,522,63308
https://openalex.org/A5074807261,俞颖,,26,0
https://openalex.org/A5075248982,Filipe Sobral,https://orcid.org/0000-0002-9900-9464,77,814
https://openalex.org/A5075256754,He Yunsheng,,4,371
https://openalex.org/A5075784107,Г. А. Нетесова,,7,13
https://openalex.org/A5076037802,Jacopo Samson,,20,250
https://openalex.org/A5076561833,J. Fischer,https://orcid.org/0000-0001-6697-7808,267,5136
https://openalex.org/A5077025710,Linda M. Bloch,,1,23
https://openalex.org/A5077078186,Jeanette Liebeherr,,1,6
https://openalex.org/A5077327314,정지민,,12,0
https://openalex.org/A5077806310,Dietrich Knoerzer,,18,460
https://openalex.org/A5078425546,Alvius Dwi Kismadianto,,1,0
https://openalex.org/A5078678374,Oyama Makoto,,7,206
https://openalex.org/A5078727454,Robert Siemann,,22,228
https://openalex.org/A5079656901,Jiulin Wang,https://orcid.org/0000-0001-8165-0096,335,22926
https://openalex.org/A5080734277,William J. Rowe,https://orcid.org/0000-0003-4198-3173,90,820
https://openalex.org/A5081592816,Guofu Zhou,,3,98
https://openalex.org/A5082745210,Akrit Sodhi,https://orcid.org/0000-0001-5441-1014,104,6051
https://openalex.org/A5082781750,문일환,,77,1
https://openalex.org/A5082946497,朱岩,,4,1
https://openalex.org/A5083894196,J.R. Peterson,,40,381
https://openalex.org/A5083905756,Y. Ogawa,,6,0
https://openalex.org/A5084010477,Warren Lee Holleman,,40,235
https://openalex.org/A5084144549,Dirk van Dierendonck,https://orcid.org/0000-0002-3545-1798,164,13286
https://openalex.org/A5084812288,Samuel J. E. Lucas,https://orcid.org/0000-0002-8713-2457,246,7469
https://openalex.org/A5085120586,Raquel Rodríguez‐Carvajal,https://orcid.org/0000-0001-9015-5425,132,2167
https://openalex.org/A5085143303,Kristofer S. J. Pister,https://orcid.org/0000-0002-8108-2102,386,25880
https://openalex.org/A5085418389,Susanne Wiegand,https://orcid.org/0000-0003-1183-9226,280,3173
https://openalex.org/A5085910861,Romulus K. Brazzell,,38,969
https://openalex.org/A5086701803,Yozo Korai,,357,7715
https://openalex.org/A5087055750,Kerstin Wagenschwanz,,1,0
https://openalex.org/A5088094235,Xiao Zhang,https://orcid.org/0000-0002-6625-6514,60,867
https://openalex.org/A5088461558,Shu‐Jiang Tu,,975,16035
https://openalex.org/A5089251385,정혜경,,575,214
https://openalex.org/A5090246468,Joel Cabral dos Santos,https://orcid.org/0000-0001-7388-0633,18,23
https://openalex.org/A5090315473,Keith Ramig,,83,705
https://openalex.org/A5090414963,Анастасия Андреевна Жеребцова,,2,0
https://openalex.org/A5090982721,Mingliang Jin,https://orcid.org/0000-0001-5178-3592,196,4199
https://openalex.org/A5091146846,심기남,,43,1
https://openalex.org/A5091626973,M. Alber,,264,6424
https://openalex.org/A5091641647,Morten Høyer,https://orcid.org/0000-0001-8609-0008,399,11864
https://openalex.org/A5100336197,Li Wang,https://orcid.org/0000-0003-2165-0080,1385,32146
https://openalex.org/A5100421680,Yi Li,https://orcid.org/0000-0002-9976-518X,1123,27773
https://openalex.org/A5100443635,Kwangsoo Kim,https://orcid.org/0000-0003-2237-2844,138,3583
https://openalex.org/A5100608485,Bo Jiang,https://orcid.org/0000-0003-3878-515X,969,23198
https://openalex.org/A5100719885,Jun Yang,https://orcid.org/0000-0002-5270-3803,407,22391
https://openalex.org/A5100749137,Takeshi Yao,https://orcid.org/0000-0001-8543-2803,328,4501
https://openalex.org/A5100916921,Longying Wen,,6,16
https://openalex.org/A5101115582,Takeshi Koike,,63,118
https://openalex.org/A5101433499,Rogério Falleiros Carvalho,https://orcid.org/0000-0003-1270-7372,70,1851
https://openalex.org/A5101745883,Tuo Chen,https://orcid.org/0000-0003-1086-9458,48,473
https://openalex.org/A5102740786,T. Rajasekaran,,42,946
https://openalex.org/A5103018670,Mitsuhiro Hibino,https://orcid.org/0000-0003-1190-6337,165,3581
https://openalex.org/A5103069570,Benjamin Frank,https://orcid.org/0000-0001-6928-9568,58,2403
https://openalex.org/A5103149814,Toshio Imai,https://orcid.org/0000-0001-5592-8584,38,117
https://openalex.org/A5103440636,Jochen A. Werner,,536,12350
https://openalex.org/A5103553255,Koichi Kono,,158,2760
https://openalex.org/A5103569231,Yu Maruyama,,168,2073
https://openalex.org/A5107841293,Anna Villavicencio,,6,400
https://openalex.org/A5107888530,Yun Li,https://orcid.org/0009-0002-5707-5647,440,9007
https://openalex.org/A5108194668,R. Bowling Barnes,,115,8423
https://openalex.org/A5108402751,Brankica Tanović,,76,749
https://openalex.org/A5108448218,A. Meakin,,1,5
https://openalex.org/A5108684042,Isao Mochida,https://orcid.org/0000-0003-2668-7122,979,23196
https://openalex.org/A5109092921,Joel Morganroth,,341,13104
https://openalex.org/A5109131590,Kouichi Takeda,,57,393
https://openalex.org/A5109175064,Sarah S. Washington,,9,1368
https://openalex.org/A5109181883,W.J. McDowell,,128,1750
https://openalex.org/A5109192873,Klaus Mörike,,109,2332
https://openalex.org/A5109858796,H Ebihara,,19,54
https://openalex.org/A5109936520,George F Wright,,237,3001
https://openalex.org/A5109969931,Bernd Huber,,56,987
https://openalex.org/A5110136169,Shigeru Yagi,,104,876
https://openalex.org/A5111380283,Bernard R. Cooper,,320,6011
https://openalex.org/A5111473464,Clemens Fuest,,651,5633
https://openalex.org/A5111551731,Andreas M. Sesterhenn,,96,1998
https://openalex.org/A5111556161,Thomas D. Bethke,,29,1513
https://openalex.org/A5111579156,M. N. Pavlenko,,10,70
https://openalex.org/A5111835898,Cheng–Ho Hsu,,21,478
https://openalex.org/A5111846208,C Dunn,,6,198
https://openalex.org/A5111894680,Christoph H. Gleiter,,108,6536
https://openalex.org/A5112068298,Catherine Chevalley,,70,2005
https://openalex.org/A5112711742,Bernhard Hauns,,32,711
https://openalex.org/A5113647816,Herbert H. Winkler,,86,4526
https://openalex.org/A5114199996,Reeta Gupta,,3,8
