work_id,author_id,institution_id
https://openalex.org/W1562630836,https://openalex.org/A5050707067,https://openalex.org/I4210145268
https://openalex.org/W1990496354,https://openalex.org/A5111835898,https://openalex.org/I142974352
https://openalex.org/W1990536671,https://openalex.org/A5007057615,https://openalex.org/I268975460
https://openalex.org/W1990536671,https://openalex.org/A5024823565,https://openalex.org/I268975460
https://openalex.org/W1990536671,https://openalex.org/A5077025710,https://openalex.org/I268975460
https://openalex.org/W1990536671,https://openalex.org/A5085418389,https://openalex.org/I268975460
https://openalex.org/W1990536671,https://openalex.org/A5103440636,https://openalex.org/I268975460
https://openalex.org/W1990536671,https://openalex.org/A5111551731,https://openalex.org/I268975460
https://openalex.org/W1990742694,https://openalex.org/A5002773536,https://openalex.org/I183067930
https://openalex.org/W1990742694,https://openalex.org/A5015577984,https://openalex.org/I183067930
https://openalex.org/W1990742694,https://openalex.org/A5079656901,https://openalex.org/I183067930
https://openalex.org/W1990742694,https://openalex.org/A5100719885,https://openalex.org/I183067930
https://openalex.org/W1990742694,https://openalex.org/A5107888530,https://openalex.org/I183067930
https://openalex.org/W1990871621,https://openalex.org/A5052874250,https://openalex.org/I1308126019
https://openalex.org/W1990871621,https://openalex.org/A5067304513,https://openalex.org/I1308126019
https://openalex.org/W1991140266,https://openalex.org/A5005963737,https://openalex.org/I141810926
https://openalex.org/W1991140266,https://openalex.org/A5009514589,https://openalex.org/I47807954
https://openalex.org/W1991140266,https://openalex.org/A5009514589,https://openalex.org/I174216632
https://openalex.org/W1991140266,https://openalex.org/A5034625687,https://openalex.org/I141810926
https://openalex.org/W1991140266,https://openalex.org/A5037380376,https://openalex.org/I39694355
https://openalex.org/W1991140266,https://openalex.org/A5037380376,https://openalex.org/I174216632
https://openalex.org/W1991140266,https://openalex.org/A5041026215,https://openalex.org/I174216632
https://openalex.org/W1991140266,https://openalex.org/A5041026215,https://openalex.org/I39694355
https://openalex.org/W1991140266,https://openalex.org/A5072980225,https://openalex.org/I125687163
https://openalex.org/W1991140266,https://openalex.org/A5072980225,https://openalex.org/I1286891280
https://openalex.org/W1991140266,https://openalex.org/A5076037802,https://openalex.org/I39694355
https://openalex.org/W1991140266,https://openalex.org/A5076037802,https://openalex.org/I174216632
https://openalex.org/W1991140266,https://openalex.org/A5090315473,https://openalex.org/I141810926
https://openalex.org/W1991393918,https://openalex.org/A5017089838,https://openalex.org/I204250578
https://openalex.org/W1991669955,https://openalex.org/A5018742363,https://openalex.org/I1289243028
https://openalex.org/W1991669955,https://openalex.org/A5018742363,https://openalex.org/I75027704
https://openalex.org/W1991669955,https://openalex.org/A5083894196,https://openalex.org/I75027704
https://openalex.org/W1991669955,https://openalex.org/A5083894196,https://openalex.org/I1289243028
https://openalex.org/W1991669955,https://openalex.org/A5109181883,https://openalex.org/I1289243028
https://openalex.org/W1991724841,https://openalex.org/A5018481266,https://openalex.org/I57206974
https://openalex.org/W1991809229,https://openalex.org/A5001006565,https://openalex.org/I129902397
https://openalex.org/W1995680457,https://openalex.org/A5017193780,https://openalex.org/I187400657
https://openalex.org/W1995680457,https://openalex.org/A5039841003,https://openalex.org/I187400657
https://openalex.org/W1995680457,https://openalex.org/A5049536127,https://openalex.org/I187400657
https://openalex.org/W1995680457,https://openalex.org/A5059569486,https://openalex.org/I187400657
https://openalex.org/W1995680457,https://openalex.org/A5081592816,https://openalex.org/I83019370
https://openalex.org/W1995680457,https://openalex.org/A5081592816,https://openalex.org/I187400657
https://openalex.org/W1995680457,https://openalex.org/A5088094235,https://openalex.org/I187400657
https://openalex.org/W1995680457,https://openalex.org/A5090982721,https://openalex.org/I187400657
https://openalex.org/W1995680457,https://openalex.org/A5100336197,https://openalex.org/I187400657
https://openalex.org/W1995972674,https://openalex.org/A5014055213,https://openalex.org/I164950643
https://openalex.org/W1996162400,https://openalex.org/A5002753249,https://openalex.org/I1299119326
https://openalex.org/W2001334274,https://openalex.org/A5022872215,https://openalex.org/I180825142
https://openalex.org/W2003444939,https://openalex.org/A5023727622,https://openalex.org/I4210152813
https://openalex.org/W2003444939,https://openalex.org/A5108402751,https://openalex.org/I4210152813
https://openalex.org/W2003469294,https://openalex.org/A5004965764,https://openalex.org/I98677209
https://openalex.org/W2003596640,https://openalex.org/A5002146860,https://openalex.org/I53964585
https://openalex.org/W2003596640,https://openalex.org/A5026909899,https://openalex.org/I90183372
https://openalex.org/W2003596640,https://openalex.org/A5026909899,https://openalex.org/I1294671590
https://openalex.org/W2003596640,https://openalex.org/A5061447987,https://openalex.org/I68956291
https://openalex.org/W2003596640,https://openalex.org/A5069870288,https://openalex.org/I149899117
https://openalex.org/W2003596640,https://openalex.org/A5069870288,https://openalex.org/I4210087042
https://openalex.org/W2003945840,https://openalex.org/A5030647016,https://openalex.org/I123900574
https://openalex.org/W2003945840,https://openalex.org/A5100443635,https://openalex.org/I123900574
https://openalex.org/W2004141181,https://openalex.org/A5000848496,https://openalex.org/I145872427
https://openalex.org/W2004141181,https://openalex.org/A5000848496,https://openalex.org/I80281795
https://openalex.org/W2004141181,https://openalex.org/A5000848496,https://openalex.org/I2802934949
https://openalex.org/W2004141181,https://openalex.org/A5006291799,https://openalex.org/I141945490
https://openalex.org/W2004141181,https://openalex.org/A5006291799,https://openalex.org/I63098007
https://openalex.org/W2004141181,https://openalex.org/A5036641663,https://openalex.org/I80281795
https://openalex.org/W2004141181,https://openalex.org/A5065805547,https://openalex.org/I141945490
https://openalex.org/W2004141181,https://openalex.org/A5084812288,https://openalex.org/I79619799
https://openalex.org/W2004141181,https://openalex.org/A5084812288,https://openalex.org/I80281795
https://openalex.org/W2004734111,https://openalex.org/A5009513706,https://openalex.org/I11957088
https://openalex.org/W2035737547,https://openalex.org/A5028065206,https://openalex.org/I200870766
https://openalex.org/W2035737547,https://openalex.org/A5028065206,https://openalex.org/I59553526
https://openalex.org/W2035737547,https://openalex.org/A5028065206,https://openalex.org/I1327163397
https://openalex.org/W2035737547,https://openalex.org/A5049390720,https://openalex.org/I1327163397
https://openalex.org/W2035737547,https://openalex.org/A5049390720,https://openalex.org/I59553526
https://openalex.org/W2036324385,https://openalex.org/A5049367374,https://openalex.org/I897542642
https://openalex.org/W2036324385,https://openalex.org/A5049688464,https://openalex.org/I897542642
https://openalex.org/W2036324385,https://openalex.org/A5062472452,https://openalex.org/I897542642
https://openalex.org/W2036372021,https://openalex.org/A5064375222,https://openalex.org/I69552723
https://openalex.org/W2036568374,https://openalex.org/A5015665148,https://openalex.org/I79156528
https://openalex.org/W2036568374,https://openalex.org/A5026802381,https://openalex.org/I79156528
https://openalex.org/W2036568374,https://openalex.org/A5050249317,https://openalex.org/I79156528
https://openalex.org/W2036904522,https://openalex.org/A5038547213,https://openalex.org/I891191580
https://openalex.org/W2036904522,https://openalex.org/A5043212932,https://openalex.org/I52792670
https://openalex.org/W2036904522,https://openalex.org/A5043212932,https://openalex.org/I891191580
https://openalex.org/W2036904522,https://openalex.org/A5058180511,https://openalex.org/I204337017
https://openalex.org/W2036904522,https://openalex.org/A5058180511,https://openalex.org/I891191580
https://openalex.org/W2042512976,https://openalex.org/A5017208488,https://openalex.org/I118574674
https://openalex.org/W2042512976,https://openalex.org/A5046170578,https://openalex.org/I118574674
https://openalex.org/W2042512976,https://openalex.org/A5064536007,https://openalex.org/I118574674
https://openalex.org/W2042512976,https://openalex.org/A5088461558,https://openalex.org/I118574674
https://openalex.org/W2042512976,https://openalex.org/A5100608485,https://openalex.org/I118574674
https://openalex.org/W2043073035,https://openalex.org/A5008431508,https://openalex.org/I177477856
https://openalex.org/W2043073035,https://openalex.org/A5021019491,https://openalex.org/I177477856
https://openalex.org/W2043073035,https://openalex.org/A5034071199,https://openalex.org/I177477856
https://openalex.org/W2043073035,https://openalex.org/A5051756179,https://openalex.org/I177477856
https://openalex.org/W2043075193,https://openalex.org/A5100916921,https://openalex.org/I19820366
https://openalex.org/W2043075193,https://openalex.org/A5100916921,https://openalex.org/I2802584641
https://openalex.org/W2043075193,https://openalex.org/A5101745883,https://openalex.org/I19820366
https://openalex.org/W2043905963,https://openalex.org/A5052121018,https://openalex.org/I22299242
https://openalex.org/W2043905963,https://openalex.org/A5100749137,https://openalex.org/I22299242
https://openalex.org/W2043905963,https://openalex.org/A5103018670,https://openalex.org/I22299242
https://openalex.org/W2063779415,https://openalex.org/A5035183416,https://openalex.org/I4210132651
https://openalex.org/W2063779415,https://openalex.org/A5050624831,https://openalex.org/I4210132651
https://openalex.org/W2064277454,https://openalex.org/A5065400261,https://openalex.org/I1306686416
https://openalex.org/W2064277454,https://openalex.org/A5065400261,https://openalex.org/I1288214837
https://openalex.org/W2064277454,https://openalex.org/A5065400261,https://openalex.org/I4210124779
https://openalex.org/W2064277454,https://openalex.org/A5065400261,https://openalex.org/I4210089842
https://openalex.org/W2064277454,https://openalex.org/A5065400261,https://openalex.org/I4388482714
https://openalex.org/W2064277454,https://openalex.org/A5076561833,https://openalex.org/I1288214837
https://openalex.org/W2064277454,https://openalex.org/A5076561833,https://openalex.org/I4210124779
https://openalex.org/W2064277454,https://openalex.org/A5076561833,https://openalex.org/I4388482714
https://openalex.org/W2069051280,https://openalex.org/A5109969931,https://openalex.org/I4210097933
https://openalex.org/W2069051280,https://openalex.org/A5111473464,https://openalex.org/I4210097933
https://openalex.org/W2069174305,https://openalex.org/A5001630524,https://openalex.org/I71305448
https://openalex.org/W2069174305,https://openalex.org/A5039353257,https://openalex.org/I71305448
https://openalex.org/W2069174305,https://openalex.org/A5059025714,https://openalex.org/I71305448
https://openalex.org/W2069174305,https://openalex.org/A5075784107,https://openalex.org/I71305448
https://openalex.org/W2069174305,https://openalex.org/A5111579156,https://openalex.org/I71305448
https://openalex.org/W2069433616,https://openalex.org/A5056714655,https://openalex.org/I4210149250
https://openalex.org/W2069433616,https://openalex.org/A5060002897,https://openalex.org/I4210149250
https://openalex.org/W2070218629,https://openalex.org/A5109131590,https://openalex.org/I109009565
https://openalex.org/W2070233361,https://openalex.org/A5000176873,https://openalex.org/I2277624104
https://openalex.org/W2070233361,https://openalex.org/A5000176873,https://openalex.org/I29955533
https://openalex.org/W2070233361,https://openalex.org/A5000540315,https://openalex.org/I2277624104
https://openalex.org/W2070233361,https://openalex.org/A5000540315,https://openalex.org/I29955533
https://openalex.org/W2070233361,https://openalex.org/A5042132852,https://openalex.org/I29955533
https://openalex.org/W2070233361,https://openalex.org/A5042132852,https://openalex.org/I2277624104
https://openalex.org/W2070233361,https://openalex.org/A5057130762,https://openalex.org/I2277624104
https://openalex.org/W2070233361,https://openalex.org/A5057130762,https://openalex.org/I29955533
https://openalex.org/W2077012486,https://openalex.org/A5109858796,https://openalex.org/I129634264
https://openalex.org/W2083232324,https://openalex.org/A5006492499,https://openalex.org/I4210146926
https://openalex.org/W2083232324,https://openalex.org/A5006492499,https://openalex.org/I32971472
https://openalex.org/W2083232324,https://openalex.org/A5006492499,https://openalex.org/I4401726811
https://openalex.org/W2083232324,https://openalex.org/A5107841293,https://openalex.org/I4210146926
https://openalex.org/W2083232324,https://openalex.org/A5107841293,https://openalex.org/I4401726811
https://openalex.org/W2084391519,https://openalex.org/A5006083279,https://openalex.org/I1299303238
https://openalex.org/W2084391519,https://openalex.org/A5006083279,https://openalex.org/I4210088259
https://openalex.org/W2084391519,https://openalex.org/A5006083279,https://openalex.org/I4210087962
https://openalex.org/W2084391519,https://openalex.org/A5006477586,https://openalex.org/I1299303238
https://openalex.org/W2084391519,https://openalex.org/A5036730126,https://openalex.org/I1299303238
https://openalex.org/W2084391519,https://openalex.org/A5038753309,https://openalex.org/I1299303238
https://openalex.org/W2084391519,https://openalex.org/A5055238958,https://openalex.org/I193531525
https://openalex.org/W2084391519,https://openalex.org/A5055238958,https://openalex.org/I1336742384
https://openalex.org/W2084391519,https://openalex.org/A5061026061,https://openalex.org/I84218800
https://openalex.org/W2084391519,https://openalex.org/A5075256754,https://openalex.org/I193531525
https://openalex.org/W2084391519,https://openalex.org/A5075256754,https://openalex.org/I1336742384
https://openalex.org/W2084391519,https://openalex.org/A5082745210,https://openalex.org/I1299303238
https://openalex.org/W2084391519,https://openalex.org/A5082745210,https://openalex.org/I84218800
https://openalex.org/W2084391519,https://openalex.org/A5100421680,https://openalex.org/I1334819555
https://openalex.org/W2084694443,https://openalex.org/A5012790096,https://openalex.org/I867280407
https://openalex.org/W2084694443,https://openalex.org/A5012790096,https://openalex.org/I170201317
https://openalex.org/W2084694443,https://openalex.org/A5070797435,https://openalex.org/I170201317
https://openalex.org/W2084694443,https://openalex.org/A5070797435,https://openalex.org/I867280407
https://openalex.org/W2084694443,https://openalex.org/A5073552534,https://openalex.org/I170201317
https://openalex.org/W2084694443,https://openalex.org/A5073552534,https://openalex.org/I867280407
https://openalex.org/W2084694443,https://openalex.org/A5108194668,https://openalex.org/I170201317
https://openalex.org/W2084694443,https://openalex.org/A5108194668,https://openalex.org/I867280407
https://openalex.org/W2084694443,https://openalex.org/A5109175064,https://openalex.org/I170201317
https://openalex.org/W2084694443,https://openalex.org/A5109175064,https://openalex.org/I867280407
https://openalex.org/W2084694443,https://openalex.org/A5111846208,https://openalex.org/I170201317
https://openalex.org/W2084694443,https://openalex.org/A5111846208,https://openalex.org/I867280407
https://openalex.org/W2094884831,https://openalex.org/A5055852468,https://openalex.org/I39422238
https://openalex.org/W2094884831,https://openalex.org/A5055852468,https://openalex.org/I1343871089
https://openalex.org/W2098007351,https://openalex.org/A5015012736,https://openalex.org/I83809506
https://openalex.org/W2098007351,https://openalex.org/A5113647816,https://openalex.org/I83809506
https://openalex.org/W2098338109,https://openalex.org/A5014143201,https://openalex.org/I2802335433
https://openalex.org/W2098338109,https://openalex.org/A5049762198,https://openalex.org/I2802335433
https://openalex.org/W2098338109,https://openalex.org/A5051264147,https://openalex.org/I2802335433
https://openalex.org/W2098338109,https://openalex.org/A5073129301,https://openalex.org/I2802335433
https://openalex.org/W2098338109,https://openalex.org/A5091626973,https://openalex.org/I2802335433
https://openalex.org/W2098338109,https://openalex.org/A5091641647,https://openalex.org/I2802335433
https://openalex.org/W2098761057,https://openalex.org/A5052254983,https://openalex.org/I4210125796
https://openalex.org/W2098761057,https://openalex.org/A5052254983,https://openalex.org/I8087733
https://openalex.org/W2098761057,https://openalex.org/A5062696771,https://openalex.org/I4210125796
https://openalex.org/W2098761057,https://openalex.org/A5062696771,https://openalex.org/I8087733
https://openalex.org/W2098761057,https://openalex.org/A5109192873,https://openalex.org/I8087733
https://openalex.org/W2098761057,https://openalex.org/A5109192873,https://openalex.org/I4210125796
https://openalex.org/W2098761057,https://openalex.org/A5111556161,https://openalex.org/I221273032
https://openalex.org/W2124815679,https://openalex.org/A5009855846,https://openalex.org/I95457486
https://openalex.org/W2124815679,https://openalex.org/A5017244146,https://openalex.org/I95457486
https://openalex.org/W2124815679,https://openalex.org/A5040161889,https://openalex.org/I95457486
https://openalex.org/W2124815679,https://openalex.org/A5052158426,https://openalex.org/I95457486
https://openalex.org/W2124815679,https://openalex.org/A5085143303,https://openalex.org/I95457486
https://openalex.org/W2124978267,https://openalex.org/A5023555924,https://openalex.org/I1850255
https://openalex.org/W2125431777,https://openalex.org/A5013110958,https://openalex.org/I63634437
https://openalex.org/W2125431777,https://openalex.org/A5084144549,https://openalex.org/I913958620
https://openalex.org/W2125431777,https://openalex.org/A5085120586,https://openalex.org/I63634437
https://openalex.org/W2126047658,https://openalex.org/A5024377495,https://openalex.org/I4210125804
https://openalex.org/W2126047658,https://openalex.org/A5027032021,https://openalex.org/I4210125804
https://openalex.org/W2126048208,https://openalex.org/A5029294958,https://openalex.org/I20121455
https://openalex.org/W2126048208,https://openalex.org/A5065688000,https://openalex.org/I20121455
https://openalex.org/W2126966164,https://openalex.org/A5015745192,https://openalex.org/I867280407
https://openalex.org/W2126966164,https://openalex.org/A5044527553,https://openalex.org/I867280407
