work_id,referenced_work_id
https://openalex.org/W1562630836,https://openalex.org/W1962645804
https://openalex.org/W1562630836,https://openalex.org/W1964269245
https://openalex.org/W1562630836,https://openalex.org/W1985831171
https://openalex.org/W1562630836,https://openalex.org/W1999106856
https://openalex.org/W1562630836,https://openalex.org/W1999250857
https://openalex.org/W1562630836,https://openalex.org/W2030711291
https://openalex.org/W1562630836,https://openalex.org/W2049939220
https://openalex.org/W1562630836,https://openalex.org/W2120793467
https://openalex.org/W1562630836,https://openalex.org/W2463662497
https://openalex.org/W1562630836,https://openalex.org/W3028052754
https://openalex.org/W1990496354,https://openalex.org/W1519532587
https://openalex.org/W1990496354,https://openalex.org/W1519963105
https://openalex.org/W1990496354,https://openalex.org/W1966225579
https://openalex.org/W1990496354,https://openalex.org/W2004937634
https://openalex.org/W1990496354,https://openalex.org/W2023998660
https://openalex.org/W1990496354,https://openalex.org/W2034806020
https://openalex.org/W1990496354,https://openalex.org/W2057084070
https://openalex.org/W1990496354,https://openalex.org/W2063080503
https://openalex.org/W1990496354,https://openalex.org/W2136372236
https://openalex.org/W1990496354,https://openalex.org/W2602139656
https://openalex.org/W1990536671,https://openalex.org/W1966433674
https://openalex.org/W1990536671,https://openalex.org/W1992040237
https://openalex.org/W1990536671,https://openalex.org/W1997991688
https://openalex.org/W1990536671,https://openalex.org/W2002974834
https://openalex.org/W1990536671,https://openalex.org/W2013666706
https://openalex.org/W1990536671,https://openalex.org/W2014009875
https://openalex.org/W1990536671,https://openalex.org/W2016188767
https://openalex.org/W1990536671,https://openalex.org/W2017426694
https://openalex.org/W1990536671,https://openalex.org/W2036850344
https://openalex.org/W1990536671,https://openalex.org/W2071572821
https://openalex.org/W1990536671,https://openalex.org/W2085793182
https://openalex.org/W1990536671,https://openalex.org/W2086190832
https://openalex.org/W1990742694,https://openalex.org/W1485567329
https://openalex.org/W1990742694,https://openalex.org/W1544711623
https://openalex.org/W1990742694,https://openalex.org/W1613162727
https://openalex.org/W1990742694,https://openalex.org/W1639753480
https://openalex.org/W1990742694,https://openalex.org/W1969760407
https://openalex.org/W1990742694,https://openalex.org/W1978805319
https://openalex.org/W1990742694,https://openalex.org/W1990925752
https://openalex.org/W1990742694,https://openalex.org/W1991940951
https://openalex.org/W1990742694,https://openalex.org/W1992845548
https://openalex.org/W1990742694,https://openalex.org/W2058846885
https://openalex.org/W1990742694,https://openalex.org/W2067479206
https://openalex.org/W1990742694,https://openalex.org/W2090872631
https://openalex.org/W1991140266,https://openalex.org/W127175128
https://openalex.org/W1991140266,https://openalex.org/W1492734560
https://openalex.org/W1991140266,https://openalex.org/W1500867788
https://openalex.org/W1991140266,https://openalex.org/W1588762147
https://openalex.org/W1991140266,https://openalex.org/W1965395271
https://openalex.org/W1991140266,https://openalex.org/W1985732375
https://openalex.org/W1991140266,https://openalex.org/W2006340428
https://openalex.org/W1991140266,https://openalex.org/W2010277240
https://openalex.org/W1991140266,https://openalex.org/W2023177086
https://openalex.org/W1991140266,https://openalex.org/W2029832988
https://openalex.org/W1991140266,https://openalex.org/W2034543188
https://openalex.org/W1991140266,https://openalex.org/W2052520544
https://openalex.org/W1991393918,https://openalex.org/W1601173769
https://openalex.org/W1991393918,https://openalex.org/W1990436956
https://openalex.org/W1991393918,https://openalex.org/W1998371505
https://openalex.org/W1991393918,https://openalex.org/W2000853395
https://openalex.org/W1991393918,https://openalex.org/W2010935154
https://openalex.org/W1991393918,https://openalex.org/W2017352917
https://openalex.org/W1991393918,https://openalex.org/W2038478686
https://openalex.org/W1991393918,https://openalex.org/W2046365030
https://openalex.org/W1991393918,https://openalex.org/W2049646777
https://openalex.org/W1991393918,https://openalex.org/W2085907058
https://openalex.org/W1991393918,https://openalex.org/W2089511610
https://openalex.org/W1991393918,https://openalex.org/W2092598129
https://openalex.org/W1991669955,https://openalex.org/W1980391499
https://openalex.org/W1991669955,https://openalex.org/W1981819246
https://openalex.org/W1991669955,https://openalex.org/W1987927862
https://openalex.org/W1991669955,https://openalex.org/W1990620091
https://openalex.org/W1991669955,https://openalex.org/W2014388284
https://openalex.org/W1991669955,https://openalex.org/W2041949884
https://openalex.org/W1991669955,https://openalex.org/W2046359470
https://openalex.org/W1991669955,https://openalex.org/W2064442397
https://openalex.org/W1991669955,https://openalex.org/W2145209882
https://openalex.org/W1991724841,https://openalex.org/W1915178431
https://openalex.org/W1991724841,https://openalex.org/W2267131917
https://openalex.org/W1991809229,https://openalex.org/W1965065251
https://openalex.org/W1991809229,https://openalex.org/W1966002892
https://openalex.org/W1991809229,https://openalex.org/W1972013377
https://openalex.org/W1991809229,https://openalex.org/W2070102939
https://openalex.org/W1991809229,https://openalex.org/W2076153362
https://openalex.org/W1991809229,https://openalex.org/W2087568938
https://openalex.org/W1991809229,https://openalex.org/W279210805
https://openalex.org/W1995680457,https://openalex.org/W1556297890
https://openalex.org/W1995680457,https://openalex.org/W1652141716
https://openalex.org/W1995680457,https://openalex.org/W1966892829
https://openalex.org/W1995680457,https://openalex.org/W1970669879
https://openalex.org/W1995680457,https://openalex.org/W1980176726
https://openalex.org/W1995680457,https://openalex.org/W1987898599
https://openalex.org/W1995680457,https://openalex.org/W1992038587
https://openalex.org/W1995680457,https://openalex.org/W1999839322
https://openalex.org/W1995680457,https://openalex.org/W2008726717
https://openalex.org/W1995680457,https://openalex.org/W2014323418
https://openalex.org/W1995680457,https://openalex.org/W2020272393
https://openalex.org/W1995680457,https://openalex.org/W2023648104
https://openalex.org/W1995965677,https://openalex.org/W1974245931
https://openalex.org/W1995965677,https://openalex.org/W2048560503
https://openalex.org/W1995965677,https://openalex.org/W2051077696
https://openalex.org/W1995965677,https://openalex.org/W2061183105
https://openalex.org/W1995965677,https://openalex.org/W2080252489
https://openalex.org/W1996162400,https://openalex.org/W2023571951
https://openalex.org/W1996162400,https://openalex.org/W2050827450
https://openalex.org/W1996162400,https://openalex.org/W2103430692
https://openalex.org/W1996162400,https://openalex.org/W2160166654
https://openalex.org/W1996162400,https://openalex.org/W2542453263
https://openalex.org/W1996162400,https://openalex.org/W2904318520
https://openalex.org/W1996162400,https://openalex.org/W3125619741
https://openalex.org/W1996162400,https://openalex.org/W618754956
https://openalex.org/W2001322533,https://openalex.org/W2012081634
https://openalex.org/W2001322533,https://openalex.org/W2153286499
https://openalex.org/W2001322533,https://openalex.org/W2159732811
https://openalex.org/W2001334274,https://openalex.org/W1977893339
https://openalex.org/W2001334274,https://openalex.org/W1990764519
https://openalex.org/W2001334274,https://openalex.org/W2055955162
https://openalex.org/W2003444939,https://openalex.org/W1525703751
https://openalex.org/W2003444939,https://openalex.org/W1574240124
https://openalex.org/W2003444939,https://openalex.org/W2022828157
https://openalex.org/W2003444939,https://openalex.org/W2039217462
https://openalex.org/W2003444939,https://openalex.org/W2046536782
https://openalex.org/W2003444939,https://openalex.org/W2058681337
https://openalex.org/W2003444939,https://openalex.org/W2076418976
https://openalex.org/W2003444939,https://openalex.org/W2122513707
https://openalex.org/W2003444939,https://openalex.org/W2133662238
https://openalex.org/W2003444939,https://openalex.org/W2134551645
https://openalex.org/W2003444939,https://openalex.org/W2148563040
https://openalex.org/W2003444939,https://openalex.org/W2158087942
https://openalex.org/W2003469294,https://openalex.org/W2085217126
https://openalex.org/W2003596640,https://openalex.org/W1963711714
https://openalex.org/W2003596640,https://openalex.org/W1976571985
https://openalex.org/W2003596640,https://openalex.org/W1979724894
https://openalex.org/W2003596640,https://openalex.org/W1985215204
https://openalex.org/W2003596640,https://openalex.org/W1987825774
https://openalex.org/W2003596640,https://openalex.org/W1988499438
https://openalex.org/W2003596640,https://openalex.org/W1988714146
https://openalex.org/W2003596640,https://openalex.org/W1992755218
https://openalex.org/W2003596640,https://openalex.org/W1995412269
https://openalex.org/W2003596640,https://openalex.org/W1998820237
https://openalex.org/W2003596640,https://openalex.org/W2005746925
https://openalex.org/W2003596640,https://openalex.org/W2022091405
https://openalex.org/W2003945840,https://openalex.org/W1602987005
https://openalex.org/W2003945840,https://openalex.org/W1773803948
https://openalex.org/W2003945840,https://openalex.org/W1971220772
https://openalex.org/W2003945840,https://openalex.org/W1990186213
https://openalex.org/W2003945840,https://openalex.org/W1992760964
https://openalex.org/W2003945840,https://openalex.org/W1998838261
https://openalex.org/W2003945840,https://openalex.org/W2000273237
https://openalex.org/W2003945840,https://openalex.org/W2028828604
https://openalex.org/W2003945840,https://openalex.org/W2063728452
https://openalex.org/W2003945840,https://openalex.org/W2069893602
https://openalex.org/W2003945840,https://openalex.org/W2081580037
https://openalex.org/W2003945840,https://openalex.org/W2081687495
https://openalex.org/W2004141181,https://openalex.org/W1535883728
https://openalex.org/W2004141181,https://openalex.org/W1830651116
https://openalex.org/W2004141181,https://openalex.org/W1952982039
https://openalex.org/W2004141181,https://openalex.org/W1967961674
https://openalex.org/W2004141181,https://openalex.org/W1968914004
https://openalex.org/W2004141181,https://openalex.org/W1974853432
https://openalex.org/W2004141181,https://openalex.org/W1979871929
https://openalex.org/W2004141181,https://openalex.org/W1986772215
https://openalex.org/W2004141181,https://openalex.org/W1987990823
https://openalex.org/W2004141181,https://openalex.org/W1997113432
https://openalex.org/W2004141181,https://openalex.org/W1997121148
https://openalex.org/W2004141181,https://openalex.org/W1997391195
https://openalex.org/W2004734111,https://openalex.org/W1540452763
https://openalex.org/W2004734111,https://openalex.org/W1550556908
https://openalex.org/W2004734111,https://openalex.org/W1575991717
https://openalex.org/W2004734111,https://openalex.org/W1591700029
https://openalex.org/W2004734111,https://openalex.org/W1880728758
https://openalex.org/W2004734111,https://openalex.org/W1986614871
https://openalex.org/W2004734111,https://openalex.org/W2091601575
https://openalex.org/W2004734111,https://openalex.org/W2122950723
https://openalex.org/W2004734111,https://openalex.org/W2160382135
https://openalex.org/W2004734111,https://openalex.org/W2162748423
https://openalex.org/W2004734111,https://openalex.org/W2292343152
https://openalex.org/W2004734111,https://openalex.org/W2292388917
https://openalex.org/W2035737547,https://openalex.org/W1976473019
https://openalex.org/W2035737547,https://openalex.org/W1978207558
https://openalex.org/W2035737547,https://openalex.org/W2001354866
https://openalex.org/W2035737547,https://openalex.org/W2027123918
https://openalex.org/W2035737547,https://openalex.org/W2032950049
https://openalex.org/W2035737547,https://openalex.org/W2034019506
https://openalex.org/W2035737547,https://openalex.org/W2035422995
https://openalex.org/W2035737547,https://openalex.org/W2086075465
https://openalex.org/W2036324385,https://openalex.org/W1500783230
https://openalex.org/W2036324385,https://openalex.org/W1502843684
https://openalex.org/W2036324385,https://openalex.org/W1506150625
https://openalex.org/W2036324385,https://openalex.org/W1512606196
https://openalex.org/W2036324385,https://openalex.org/W1524592120
https://openalex.org/W2036324385,https://openalex.org/W1527311855
https://openalex.org/W2036324385,https://openalex.org/W1530990745
https://openalex.org/W2036324385,https://openalex.org/W1586081719
https://openalex.org/W2036324385,https://openalex.org/W1596411082
https://openalex.org/W2036324385,https://openalex.org/W1600965248
https://openalex.org/W2036324385,https://openalex.org/W1605918204
https://openalex.org/W2036324385,https://openalex.org/W1606464343
https://openalex.org/W2036372021,https://openalex.org/W1970978614
https://openalex.org/W2036372021,https://openalex.org/W2026295971
https://openalex.org/W2036372021,https://openalex.org/W2052639976
https://openalex.org/W2036372021,https://openalex.org/W2275221898
https://openalex.org/W2036372021,https://openalex.org/W2323046964
https://openalex.org/W2036372021,https://openalex.org/W2757039142
https://openalex.org/W2036372021,https://openalex.org/W2795766078
https://openalex.org/W2036372021,https://openalex.org/W2797131251
https://openalex.org/W2036372021,https://openalex.org/W3092738296
https://openalex.org/W2036372021,https://openalex.org/W3112799461
https://openalex.org/W2036372021,https://openalex.org/W4285719527
https://openalex.org/W2036372021,https://openalex.org/W644325968
https://openalex.org/W2036568374,https://openalex.org/W1601755832
https://openalex.org/W2036568374,https://openalex.org/W1965292653
https://openalex.org/W2036568374,https://openalex.org/W1970396607
https://openalex.org/W2036568374,https://openalex.org/W1973014305
https://openalex.org/W2036568374,https://openalex.org/W1980703214
https://openalex.org/W2036568374,https://openalex.org/W1983432631
https://openalex.org/W2036568374,https://openalex.org/W1987565333
https://openalex.org/W2036568374,https://openalex.org/W1987773219
https://openalex.org/W2036568374,https://openalex.org/W1990195031
https://openalex.org/W2036568374,https://openalex.org/W1994645294
https://openalex.org/W2036568374,https://openalex.org/W1997198268
https://openalex.org/W2036568374,https://openalex.org/W1997734047
https://openalex.org/W2036653913,https://openalex.org/W1898806567
https://openalex.org/W2036653913,https://openalex.org/W1967405512
https://openalex.org/W2036653913,https://openalex.org/W2092905226
https://openalex.org/W2036653913,https://openalex.org/W2127999065
https://openalex.org/W2036653913,https://openalex.org/W2133530795
https://openalex.org/W2036653913,https://openalex.org/W2143856814
https://openalex.org/W2036904522,https://openalex.org/W1485463265
https://openalex.org/W2036904522,https://openalex.org/W1527434870
https://openalex.org/W2036904522,https://openalex.org/W1542753785
https://openalex.org/W2036904522,https://openalex.org/W1575423686
https://openalex.org/W2036904522,https://openalex.org/W1930022350
https://openalex.org/W2036904522,https://openalex.org/W1935731760
https://openalex.org/W2036904522,https://openalex.org/W1964549159
https://openalex.org/W2036904522,https://openalex.org/W1966507670
https://openalex.org/W2036904522,https://openalex.org/W1969714808
https://openalex.org/W2036904522,https://openalex.org/W1970700381
https://openalex.org/W2036904522,https://openalex.org/W1971874631
https://openalex.org/W2036904522,https://openalex.org/W1972673209
https://openalex.org/W2042512976,https://openalex.org/W2951078666
https://openalex.org/W2043073035,https://openalex.org/W1694289106
https://openalex.org/W2043073035,https://openalex.org/W1969241172
https://openalex.org/W2043073035,https://openalex.org/W1982201917
https://openalex.org/W2043073035,https://openalex.org/W1990077876
https://openalex.org/W2043073035,https://openalex.org/W2000601917
https://openalex.org/W2043073035,https://openalex.org/W2009896347
https://openalex.org/W2043073035,https://openalex.org/W2028485984
https://openalex.org/W2043073035,https://openalex.org/W2066775261
https://openalex.org/W2043073035,https://openalex.org/W2105226173
https://openalex.org/W2043073035,https://openalex.org/W2112984616
https://openalex.org/W2043073035,https://openalex.org/W2132075495
https://openalex.org/W2043073035,https://openalex.org/W2132796867
https://openalex.org/W2043075193,https://openalex.org/W116253160
https://openalex.org/W2043075193,https://openalex.org/W1923483341
https://openalex.org/W2043075193,https://openalex.org/W1972443454
https://openalex.org/W2043075193,https://openalex.org/W1975147386
https://openalex.org/W2043075193,https://openalex.org/W1997438419
https://openalex.org/W2043075193,https://openalex.org/W2012432066
https://openalex.org/W2043075193,https://openalex.org/W2015071169
https://openalex.org/W2043075193,https://openalex.org/W2024579555
https://openalex.org/W2043075193,https://openalex.org/W2026980434
https://openalex.org/W2043075193,https://openalex.org/W2028823348
https://openalex.org/W2043075193,https://openalex.org/W2030274299
https://openalex.org/W2043075193,https://openalex.org/W2032950285
https://openalex.org/W2043099890,https://openalex.org/W1515604089
https://openalex.org/W2043099890,https://openalex.org/W1545075719
https://openalex.org/W2043099890,https://openalex.org/W1546104083
https://openalex.org/W2043099890,https://openalex.org/W1569376948
https://openalex.org/W2043099890,https://openalex.org/W1580739140
https://openalex.org/W2043099890,https://openalex.org/W1751351476
https://openalex.org/W2043099890,https://openalex.org/W1965667505
https://openalex.org/W2043099890,https://openalex.org/W1975468458
https://openalex.org/W2043099890,https://openalex.org/W1975807214
https://openalex.org/W2043099890,https://openalex.org/W1982124017
https://openalex.org/W2043099890,https://openalex.org/W1985521960
https://openalex.org/W2043099890,https://openalex.org/W1991162789
https://openalex.org/W2043905963,https://openalex.org/W1618032065
https://openalex.org/W2043905963,https://openalex.org/W1965206250
https://openalex.org/W2043905963,https://openalex.org/W1980430406
https://openalex.org/W2043905963,https://openalex.org/W1987229933
https://openalex.org/W2043905963,https://openalex.org/W2022382184
https://openalex.org/W2043905963,https://openalex.org/W2053702558
https://openalex.org/W2043905963,https://openalex.org/W2061334972
https://openalex.org/W2043905963,https://openalex.org/W2061453150
https://openalex.org/W2043905963,https://openalex.org/W2083383173
https://openalex.org/W2063779415,https://openalex.org/W1598158804
https://openalex.org/W2063779415,https://openalex.org/W1967855645
https://openalex.org/W2063779415,https://openalex.org/W1971662801
https://openalex.org/W2063779415,https://openalex.org/W1973452314
https://openalex.org/W2063779415,https://openalex.org/W1982071446
https://openalex.org/W2063779415,https://openalex.org/W1982873024
https://openalex.org/W2063779415,https://openalex.org/W1997407445
https://openalex.org/W2063779415,https://openalex.org/W1999001566
https://openalex.org/W2063779415,https://openalex.org/W2005784538
https://openalex.org/W2063779415,https://openalex.org/W2009088139
https://openalex.org/W2063779415,https://openalex.org/W2011793738
https://openalex.org/W2063779415,https://openalex.org/W2013010457
https://openalex.org/W2064277454,https://openalex.org/W125369663
https://openalex.org/W2064277454,https://openalex.org/W1967364043
https://openalex.org/W2064277454,https://openalex.org/W1974745276
https://openalex.org/W2064277454,https://openalex.org/W1976151395
https://openalex.org/W2064277454,https://openalex.org/W1977423663
https://openalex.org/W2064277454,https://openalex.org/W1981189137
https://openalex.org/W2064277454,https://openalex.org/W1990073764
https://openalex.org/W2064277454,https://openalex.org/W1993839984
https://openalex.org/W2064277454,https://openalex.org/W1994703407
https://openalex.org/W2064277454,https://openalex.org/W2000244530
https://openalex.org/W2064277454,https://openalex.org/W2001261646
https://openalex.org/W2064277454,https://openalex.org/W2003324213
https://openalex.org/W2069051280,https://openalex.org/W1974789820
https://openalex.org/W2069051280,https://openalex.org/W1977497051
https://openalex.org/W2069051280,https://openalex.org/W2047440225
https://openalex.org/W2069051280,https://openalex.org/W2053994586
https://openalex.org/W2069051280,https://openalex.org/W2085338353
https://openalex.org/W2069051280,https://openalex.org/W7014225658
https://openalex.org/W2069174305,https://openalex.org/W1492804614
https://openalex.org/W2069174305,https://openalex.org/W19911284
https://openalex.org/W2069174305,https://openalex.org/W2487436600
https://openalex.org/W2069174305,https://openalex.org/W2914807819
https://openalex.org/W2069174305,https://openalex.org/W3016672020
https://openalex.org/W2069174305,https://openalex.org/W6600137073
https://openalex.org/W2070218629,https://openalex.org/W146309757
https://openalex.org/W2070218629,https://openalex.org/W1974364429
https://openalex.org/W2070218629,https://openalex.org/W1993813047
https://openalex.org/W2070218629,https://openalex.org/W1994559703
https://openalex.org/W2070218629,https://openalex.org/W2012899486
https://openalex.org/W2070218629,https://openalex.org/W2017772691
https://openalex.org/W2070218629,https://openalex.org/W2020041362
https://openalex.org/W2070218629,https://openalex.org/W2083762419
https://openalex.org/W2070218629,https://openalex.org/W2119229486
https://openalex.org/W2070218629,https://openalex.org/W2145950740
https://openalex.org/W2070218629,https://openalex.org/W2207867416
https://openalex.org/W2070218629,https://openalex.org/W2211943406
https://openalex.org/W2070233361,https://openalex.org/W1603759003
https://openalex.org/W2070233361,https://openalex.org/W169960492
https://openalex.org/W2070233361,https://openalex.org/W1870440239
https://openalex.org/W2070233361,https://openalex.org/W1963849235
https://openalex.org/W2070233361,https://openalex.org/W1980044217
https://openalex.org/W2070233361,https://openalex.org/W1988687075
https://openalex.org/W2070233361,https://openalex.org/W2019675160
https://openalex.org/W2070233361,https://openalex.org/W2096191746
https://openalex.org/W2070233361,https://openalex.org/W2118799448
https://openalex.org/W2070233361,https://openalex.org/W2119607964
https://openalex.org/W2070233361,https://openalex.org/W2125154264
https://openalex.org/W2070233361,https://openalex.org/W2140661818
https://openalex.org/W2083232324,https://openalex.org/W1654467375
https://openalex.org/W2083232324,https://openalex.org/W1694363227
https://openalex.org/W2083232324,https://openalex.org/W1965683014
https://openalex.org/W2083232324,https://openalex.org/W1976550676
https://openalex.org/W2083232324,https://openalex.org/W1976962626
https://openalex.org/W2083232324,https://openalex.org/W1979211264
https://openalex.org/W2083232324,https://openalex.org/W1983572995
https://openalex.org/W2083232324,https://openalex.org/W1984365796
https://openalex.org/W2083232324,https://openalex.org/W1989406472
https://openalex.org/W2083232324,https://openalex.org/W1998874674
https://openalex.org/W2083232324,https://openalex.org/W2003090409
https://openalex.org/W2083232324,https://openalex.org/W2006633893
https://openalex.org/W2084391519,https://openalex.org/W1483350500
https://openalex.org/W2084391519,https://openalex.org/W1489145497
https://openalex.org/W2084391519,https://openalex.org/W1519008651
https://openalex.org/W2084391519,https://openalex.org/W1523189699
https://openalex.org/W2084391519,https://openalex.org/W1539096485
https://openalex.org/W2084391519,https://openalex.org/W1587318259
https://openalex.org/W2084391519,https://openalex.org/W1604210388
https://openalex.org/W2084391519,https://openalex.org/W1673837423
https://openalex.org/W2084391519,https://openalex.org/W1969563526
https://openalex.org/W2084391519,https://openalex.org/W1979843815
https://openalex.org/W2084391519,https://openalex.org/W1982047106
https://openalex.org/W2084391519,https://openalex.org/W1982898258
https://openalex.org/W2094884831,https://openalex.org/W1579035659
https://openalex.org/W2094884831,https://openalex.org/W1973871612
https://openalex.org/W2094884831,https://openalex.org/W1982968867
https://openalex.org/W2094884831,https://openalex.org/W1983605684
https://openalex.org/W2094884831,https://openalex.org/W1999295168
https://openalex.org/W2094884831,https://openalex.org/W2023262730
https://openalex.org/W2094884831,https://openalex.org/W2025903736
https://openalex.org/W2094884831,https://openalex.org/W2032103812
https://openalex.org/W2094884831,https://openalex.org/W2039289854
https://openalex.org/W2094884831,https://openalex.org/W2046013658
https://openalex.org/W2094884831,https://openalex.org/W2046344304
https://openalex.org/W2094884831,https://openalex.org/W2049433350
https://openalex.org/W2098007351,https://openalex.org/W1707127446
https://openalex.org/W2098007351,https://openalex.org/W1780592118
https://openalex.org/W2098007351,https://openalex.org/W1868240930
https://openalex.org/W2098007351,https://openalex.org/W1874208604
https://openalex.org/W2098007351,https://openalex.org/W1915135135
https://openalex.org/W2098007351,https://openalex.org/W1921583305
https://openalex.org/W2098007351,https://openalex.org/W1933109781
https://openalex.org/W2098007351,https://openalex.org/W1955922999
https://openalex.org/W2098007351,https://openalex.org/W1956617882
https://openalex.org/W2098007351,https://openalex.org/W1981217248
https://openalex.org/W2098007351,https://openalex.org/W1982709026
https://openalex.org/W2098007351,https://openalex.org/W2052842979
https://openalex.org/W2098338109,https://openalex.org/W1964577582
https://openalex.org/W2098338109,https://openalex.org/W1967551882
https://openalex.org/W2098338109,https://openalex.org/W1968260861
https://openalex.org/W2098338109,https://openalex.org/W1971234611
https://openalex.org/W2098338109,https://openalex.org/W1971548631
https://openalex.org/W2098338109,https://openalex.org/W1979747473
https://openalex.org/W2098338109,https://openalex.org/W1980316190
https://openalex.org/W2098338109,https://openalex.org/W1984932770
https://openalex.org/W2098338109,https://openalex.org/W1988476045
https://openalex.org/W2098338109,https://openalex.org/W1990331386
https://openalex.org/W2098338109,https://openalex.org/W1992936027
https://openalex.org/W2098338109,https://openalex.org/W1999267929
https://openalex.org/W2098761057,https://openalex.org/W1572543574
https://openalex.org/W2098761057,https://openalex.org/W1943574501
https://openalex.org/W2098761057,https://openalex.org/W1954701421
https://openalex.org/W2098761057,https://openalex.org/W1966296289
https://openalex.org/W2098761057,https://openalex.org/W1978414064
https://openalex.org/W2098761057,https://openalex.org/W1994226794
https://openalex.org/W2098761057,https://openalex.org/W2001965102
https://openalex.org/W2098761057,https://openalex.org/W2031954841
https://openalex.org/W2098761057,https://openalex.org/W2041857370
https://openalex.org/W2098761057,https://openalex.org/W2068947002
https://openalex.org/W2098761057,https://openalex.org/W2071508654
https://openalex.org/W2098761057,https://openalex.org/W2077523026
https://openalex.org/W2124815679,https://openalex.org/W145869308
https://openalex.org/W2124815679,https://openalex.org/W1524171012
https://openalex.org/W2124815679,https://openalex.org/W1563569973
https://openalex.org/W2124815679,https://openalex.org/W1564500118
https://openalex.org/W2124815679,https://openalex.org/W1577607842
https://openalex.org/W2124815679,https://openalex.org/W1675102940
https://openalex.org/W2124815679,https://openalex.org/W1978277923
https://openalex.org/W2124815679,https://openalex.org/W2020842588
https://openalex.org/W2124815679,https://openalex.org/W2040596161
https://openalex.org/W2124815679,https://openalex.org/W2053779241
https://openalex.org/W2124815679,https://openalex.org/W2143125322
https://openalex.org/W2124815679,https://openalex.org/W2159290292
https://openalex.org/W2124978267,https://openalex.org/W1964948652
https://openalex.org/W2124978267,https://openalex.org/W1973106174
https://openalex.org/W2124978267,https://openalex.org/W1979154922
https://openalex.org/W2124978267,https://openalex.org/W1997916825
https://openalex.org/W2124978267,https://openalex.org/W2012344554
https://openalex.org/W2124978267,https://openalex.org/W2072419120
https://openalex.org/W2124978267,https://openalex.org/W2113930429
https://openalex.org/W2124978267,https://openalex.org/W2115780849
https://openalex.org/W2124978267,https://openalex.org/W2119664459
https://openalex.org/W2124978267,https://openalex.org/W2132095638
https://openalex.org/W2124978267,https://openalex.org/W2154662684
https://openalex.org/W2124978267,https://openalex.org/W2316727042
https://openalex.org/W2125431777,https://openalex.org/W1512018163
https://openalex.org/W2125431777,https://openalex.org/W1533070136
https://openalex.org/W2125431777,https://openalex.org/W1579378220
https://openalex.org/W2125431777,https://openalex.org/W1615876832
https://openalex.org/W2125431777,https://openalex.org/W1690968151
https://openalex.org/W2125431777,https://openalex.org/W1724471503
https://openalex.org/W2125431777,https://openalex.org/W1755691788
https://openalex.org/W2125431777,https://openalex.org/W1790558107
https://openalex.org/W2125431777,https://openalex.org/W1821066201
https://openalex.org/W2125431777,https://openalex.org/W1866368989
https://openalex.org/W2125431777,https://openalex.org/W1902610065
https://openalex.org/W2125431777,https://openalex.org/W1964152500
https://openalex.org/W2126047658,https://openalex.org/W1970208939
https://openalex.org/W2126047658,https://openalex.org/W2052979372
https://openalex.org/W2126047658,https://openalex.org/W2090764343
https://openalex.org/W2126047658,https://openalex.org/W2171516925
https://openalex.org/W2126047658,https://openalex.org/W2413322273
https://openalex.org/W2126047658,https://openalex.org/W2426677179
https://openalex.org/W2126048208,https://openalex.org/W170687232
https://openalex.org/W2126048208,https://openalex.org/W1921344537
https://openalex.org/W2126048208,https://openalex.org/W1970871987
https://openalex.org/W2126048208,https://openalex.org/W1983447288
https://openalex.org/W2126048208,https://openalex.org/W1991247647
https://openalex.org/W2126048208,https://openalex.org/W1999052969
https://openalex.org/W2126048208,https://openalex.org/W2006025735
https://openalex.org/W2126048208,https://openalex.org/W2009680631
https://openalex.org/W2126048208,https://openalex.org/W2013846312
https://openalex.org/W2126048208,https://openalex.org/W2017720093
https://openalex.org/W2126048208,https://openalex.org/W2022143432
https://openalex.org/W2126048208,https://openalex.org/W2026512367
https://openalex.org/W2127408869,https://openalex.org/W2005146569
https://openalex.org/W2127408869,https://openalex.org/W2014989436
https://openalex.org/W2127408869,https://openalex.org/W2018906609
https://openalex.org/W2127408869,https://openalex.org/W2067784269
https://openalex.org/W2127408869,https://openalex.org/W2129260815
https://openalex.org/W2127408869,https://openalex.org/W2989494607
https://openalex.org/W2127408869,https://openalex.org/W6770079357
https://openalex.org/W2187620470,https://openalex.org/W118344944
https://openalex.org/W2187620470,https://openalex.org/W119359934
https://openalex.org/W2187620470,https://openalex.org/W1485595694
https://openalex.org/W2187620470,https://openalex.org/W1502450072
https://openalex.org/W2187620470,https://openalex.org/W1508746608
https://openalex.org/W2187620470,https://openalex.org/W1510134550
https://openalex.org/W2187620470,https://openalex.org/W1516506771
https://openalex.org/W2187620470,https://openalex.org/W1519941054
https://openalex.org/W2187620470,https://openalex.org/W1543921836
https://openalex.org/W2187620470,https://openalex.org/W1565390122
https://openalex.org/W2187620470,https://openalex.org/W1577307925
https://openalex.org/W2187620470,https://openalex.org/W1581159062
https://openalex.org/W2224820783,https://openalex.org/W1091716472
https://openalex.org/W2224820783,https://openalex.org/W130406267
https://openalex.org/W2224820783,https://openalex.org/W1505478389
https://openalex.org/W2224820783,https://openalex.org/W1528921211
https://openalex.org/W2224820783,https://openalex.org/W1558285415
https://openalex.org/W2224820783,https://openalex.org/W1574445997
https://openalex.org/W2224820783,https://openalex.org/W1605842731
https://openalex.org/W2224820783,https://openalex.org/W1698867976
https://openalex.org/W2224820783,https://openalex.org/W1785103718
https://openalex.org/W2224820783,https://openalex.org/W1807374153
https://openalex.org/W2224820783,https://openalex.org/W1890363361
https://openalex.org/W2224820783,https://openalex.org/W1900049116
