work_id,topic_id,score,is_primary
https://openalex.org/W1554476988,https://openalex.org/T10794,0.9982,True
https://openalex.org/W1554476988,https://openalex.org/T13560,0.9939,False
https://openalex.org/W1554476988,https://openalex.org/T13634,0.9933,False
https://openalex.org/W1555224325,https://openalex.org/T12123,0.9453,True
https://openalex.org/W1555224325,https://openalex.org/T12544,0.9365,False
https://openalex.org/W1556073558,https://openalex.org/T10019,0.9311,False
https://openalex.org/W1556073558,https://openalex.org/T12123,0.9958,True
https://openalex.org/W1556073558,https://openalex.org/T13957,0.9401,False
https://openalex.org/W1558442472,https://openalex.org/T11546,0.1554,True
https://openalex.org/W1558442472,https://openalex.org/T11613,0.1362,False
https://openalex.org/W1558442472,https://openalex.org/T12058,0.1512,False
https://openalex.org/W1559356957,https://openalex.org/T10624,0.9576,False
https://openalex.org/W1559356957,https://openalex.org/T12309,0.9635,True
https://openalex.org/W1561409268,https://openalex.org/T10286,0.309,True
https://openalex.org/W1562630836,https://openalex.org/T10754,0.9966,True
https://openalex.org/W1562630836,https://openalex.org/T11035,0.9675,False
https://openalex.org/W1562630836,https://openalex.org/T11271,0.952,False
https://openalex.org/W1563956725,https://openalex.org/T12295,0.9483,True
https://openalex.org/W1832203940,https://openalex.org/T13154,0.0105,False
https://openalex.org/W1832203940,https://openalex.org/T14235,0.0086,False
https://openalex.org/W1832203940,https://openalex.org/T14423,0.0184,True
https://openalex.org/W1851133417,https://openalex.org/T13154,0.0105,False
https://openalex.org/W1851133417,https://openalex.org/T14235,0.0086,False
https://openalex.org/W1851133417,https://openalex.org/T14423,0.0184,True
https://openalex.org/W1990496354,https://openalex.org/T10571,0.996,False
https://openalex.org/W1990496354,https://openalex.org/T11159,0.9959,False
https://openalex.org/W1990496354,https://openalex.org/T12907,0.9979,True
https://openalex.org/W1990536671,https://openalex.org/T10980,0.9998,True
https://openalex.org/W1990536671,https://openalex.org/T11383,0.9788,False
https://openalex.org/W1990536671,https://openalex.org/T12278,0.9764,False
https://openalex.org/W1990742694,https://openalex.org/T10018,1.0,True
https://openalex.org/W1990742694,https://openalex.org/T10281,0.9994,False
https://openalex.org/W1990742694,https://openalex.org/T11947,0.9973,False
https://openalex.org/W1990871621,https://openalex.org/T11357,0.9444,False
https://openalex.org/W1990871621,https://openalex.org/T11622,0.9754,False
https://openalex.org/W1990871621,https://openalex.org/T12316,0.9987,True
https://openalex.org/W1991102996,https://openalex.org/T11423,0.923,False
https://openalex.org/W1991102996,https://openalex.org/T11460,0.977,True
https://openalex.org/W1991102996,https://openalex.org/T12539,0.9302,False
https://openalex.org/W1991140266,https://openalex.org/T11144,0.9783,False
https://openalex.org/W1991140266,https://openalex.org/T11511,0.9956,False
https://openalex.org/W1991140266,https://openalex.org/T11708,0.9976,True
https://openalex.org/W1991393918,https://openalex.org/T10636,0.9864,False
https://openalex.org/W1991393918,https://openalex.org/T13274,0.9883,False
https://openalex.org/W1991393918,https://openalex.org/T14308,0.9973,True
https://openalex.org/W1991669955,https://openalex.org/T11746,0.9388,False
https://openalex.org/W1991669955,https://openalex.org/T12358,0.9487,False
https://openalex.org/W1991669955,https://openalex.org/T12852,0.9504,True
https://openalex.org/W1991724841,https://openalex.org/T10359,0.9256,False
https://openalex.org/W1991724841,https://openalex.org/T11570,0.9954,False
https://openalex.org/W1991724841,https://openalex.org/T13768,0.996,True
https://openalex.org/W1991809229,https://openalex.org/T10106,0.9333,False
https://openalex.org/W1991809229,https://openalex.org/T10826,0.9998,True
https://openalex.org/W1991809229,https://openalex.org/T10838,0.9438,False
https://openalex.org/W1995680457,https://openalex.org/T10306,0.0067,False
https://openalex.org/W1995680457,https://openalex.org/T12452,0.951,True
https://openalex.org/W1995680457,https://openalex.org/T13049,0.0065,False
https://openalex.org/W1995965677,https://openalex.org/T10377,0.9985,False
https://openalex.org/W1995965677,https://openalex.org/T12099,0.9986,False
https://openalex.org/W1995965677,https://openalex.org/T12427,0.9999,True
https://openalex.org/W1995972674,https://openalex.org/T12263,0.9481,False
https://openalex.org/W1995972674,https://openalex.org/T13494,0.9679,True
https://openalex.org/W1996162400,https://openalex.org/T11745,0.9959,True
https://openalex.org/W1996162400,https://openalex.org/T11771,0.9895,False
https://openalex.org/W2000729752,https://openalex.org/T10908,0.9475,True
https://openalex.org/W2000729752,https://openalex.org/T12852,0.9355,False
https://openalex.org/W2001322533,https://openalex.org/T10632,0.9822,True
https://openalex.org/W2001322533,https://openalex.org/T10969,0.9452,False
https://openalex.org/W2001322533,https://openalex.org/T11807,0.9716,False
https://openalex.org/W2001334274,https://openalex.org/T11666,0.8495,True
https://openalex.org/W2001334274,https://openalex.org/T12389,0.787,False
https://openalex.org/W2001334274,https://openalex.org/T12697,0.8143,False
https://openalex.org/W2003444939,https://openalex.org/T11065,0.9997,True
https://openalex.org/W2003444939,https://openalex.org/T11075,0.9997,False
https://openalex.org/W2003444939,https://openalex.org/T11436,0.9994,False
https://openalex.org/W2003469294,https://openalex.org/T10902,0.9999,True
https://openalex.org/W2003469294,https://openalex.org/T13108,0.9268,False
https://openalex.org/W2003518199,https://openalex.org/T10607,0.9986,True
https://openalex.org/W2003518199,https://openalex.org/T10681,0.9975,False
https://openalex.org/W2003518199,https://openalex.org/T11682,0.994,False
https://openalex.org/W2003596640,https://openalex.org/T10378,0.9994,False
https://openalex.org/W2003596640,https://openalex.org/T11809,1.0,True
https://openalex.org/W2003596640,https://openalex.org/T12381,0.9996,False
https://openalex.org/W2003945840,https://openalex.org/T10856,0.9595,True
https://openalex.org/W2003945840,https://openalex.org/T11159,0.9201,False
https://openalex.org/W2003945840,https://openalex.org/T14306,0.9229,False
https://openalex.org/W2004141181,https://openalex.org/T10745,0.9998,False
https://openalex.org/W2004141181,https://openalex.org/T11950,0.9999,True
https://openalex.org/W2004141181,https://openalex.org/T12005,0.9895,False
https://openalex.org/W2004734111,https://openalex.org/T10987,0.9596,False
https://openalex.org/W2004734111,https://openalex.org/T11556,0.9794,False
https://openalex.org/W2004734111,https://openalex.org/T12635,0.9978,True
https://openalex.org/W2035401242,https://openalex.org/T11084,0.9729,True
https://openalex.org/W2035401242,https://openalex.org/T11631,0.9299,False
https://openalex.org/W2035401242,https://openalex.org/T12704,0.9137,False
https://openalex.org/W2035737547,https://openalex.org/T11212,0.944,False
https://openalex.org/W2035737547,https://openalex.org/T11887,0.997,True
https://openalex.org/W2035737547,https://openalex.org/T13443,0.9909,False
https://openalex.org/W2036324385,https://openalex.org/T10539,0.9999,True
https://openalex.org/W2036324385,https://openalex.org/T10880,0.9979,False
https://openalex.org/W2036324385,https://openalex.org/T11988,0.9865,False
https://openalex.org/W2036372021,https://openalex.org/T10362,0.9989,True
https://openalex.org/W2036372021,https://openalex.org/T14210,0.9714,False
https://openalex.org/W2036372021,https://openalex.org/T14418,0.9002,False
https://openalex.org/W2036568374,https://openalex.org/T10850,0.9972,False
https://openalex.org/W2036568374,https://openalex.org/T10998,1.0,True
https://openalex.org/W2036568374,https://openalex.org/T11945,0.9977,False
https://openalex.org/W2036653913,https://openalex.org/T10106,0.9933,False
https://openalex.org/W2036653913,https://openalex.org/T10826,0.9998,True
https://openalex.org/W2036653913,https://openalex.org/T13393,0.9301,False
https://openalex.org/W2036904522,https://openalex.org/T10453,0.9991,True
https://openalex.org/W2036904522,https://openalex.org/T10786,0.9968,False
https://openalex.org/W2036904522,https://openalex.org/T10979,0.9903,False
https://openalex.org/W2042512976,https://openalex.org/T10274,0.9991,False
https://openalex.org/W2042512976,https://openalex.org/T10817,0.9998,True
https://openalex.org/W2042512976,https://openalex.org/T12270,0.9995,False
https://openalex.org/W2042715523,https://openalex.org/T10760,0.9963,True
https://openalex.org/W2043073035,https://openalex.org/T10360,0.9995,False
https://openalex.org/W2043073035,https://openalex.org/T11008,0.9994,False
https://openalex.org/W2043073035,https://openalex.org/T11254,0.9997,True
https://openalex.org/W2043075193,https://openalex.org/T10266,0.9989,True
https://openalex.org/W2043075193,https://openalex.org/T10303,0.9943,False
https://openalex.org/W2043075193,https://openalex.org/T11760,0.9965,False
https://openalex.org/W2043099890,https://openalex.org/T10907,0.9454,False
https://openalex.org/W2043099890,https://openalex.org/T11454,0.9567,False
https://openalex.org/W2043099890,https://openalex.org/T11696,0.9991,True
https://openalex.org/W2043905963,https://openalex.org/T10018,0.9985,False
https://openalex.org/W2043905963,https://openalex.org/T10502,0.9994,False
https://openalex.org/W2043905963,https://openalex.org/T11128,1.0,True
https://openalex.org/W2063779415,https://openalex.org/T11138,0.9987,False
https://openalex.org/W2063779415,https://openalex.org/T11557,0.9995,False
https://openalex.org/W2063779415,https://openalex.org/T11799,0.9996,True
https://openalex.org/W2064277454,https://openalex.org/T10026,0.9998,True
https://openalex.org/W2064277454,https://openalex.org/T12917,0.997,False
https://openalex.org/W2064277454,https://openalex.org/T13126,0.9974,False
https://openalex.org/W2069051280,https://openalex.org/T10208,0.9952,False
https://openalex.org/W2069051280,https://openalex.org/T11544,0.9974,False
https://openalex.org/W2069051280,https://openalex.org/T11770,0.9987,True
https://openalex.org/W2069174305,https://openalex.org/T10461,0.99,False
https://openalex.org/W2069174305,https://openalex.org/T10660,0.9861,False
https://openalex.org/W2069174305,https://openalex.org/T11472,0.9956,True
https://openalex.org/W2069433616,https://openalex.org/T10892,0.9595,False
https://openalex.org/W2069433616,https://openalex.org/T11801,0.992,True
https://openalex.org/W2069433616,https://openalex.org/T13050,0.9722,False
https://openalex.org/W2070218629,https://openalex.org/T10784,0.9399,True
https://openalex.org/W2070233361,https://openalex.org/T10265,0.9756,False
https://openalex.org/W2070233361,https://openalex.org/T10403,0.9968,True
https://openalex.org/W2070233361,https://openalex.org/T12031,0.9729,False
https://openalex.org/W2070406687,https://openalex.org/T10661,0.9464,False
https://openalex.org/W2070406687,https://openalex.org/T11664,0.9675,False
https://openalex.org/W2070406687,https://openalex.org/T12084,0.9763,True
https://openalex.org/W2077012486,https://openalex.org/T10599,0.9994,True
https://openalex.org/W2077012486,https://openalex.org/T10658,0.9909,False
https://openalex.org/W2077012486,https://openalex.org/T11951,0.9819,False
https://openalex.org/W2083232324,https://openalex.org/T10263,0.9814,False
https://openalex.org/W2083232324,https://openalex.org/T10853,0.9628,False
https://openalex.org/W2083232324,https://openalex.org/T11123,0.9999,True
https://openalex.org/W2084391519,https://openalex.org/T10685,0.9998,True
https://openalex.org/W2084391519,https://openalex.org/T10981,0.9958,False
https://openalex.org/W2084391519,https://openalex.org/T12849,0.998,False
https://openalex.org/W2084694443,https://openalex.org/T11213,0.5183,False
https://openalex.org/W2084694443,https://openalex.org/T13199,0.5623,True
https://openalex.org/W2094884831,https://openalex.org/T10037,1.0,True
https://openalex.org/W2094884831,https://openalex.org/T10607,0.9956,False
https://openalex.org/W2094884831,https://openalex.org/T11766,0.9994,False
https://openalex.org/W2098007351,https://openalex.org/T10166,0.9891,False
https://openalex.org/W2098007351,https://openalex.org/T10296,0.9989,True
https://openalex.org/W2098007351,https://openalex.org/T12047,0.9878,False
https://openalex.org/W2098338109,https://openalex.org/T10358,0.9999,True
https://openalex.org/W2098338109,https://openalex.org/T11176,0.9991,False
https://openalex.org/W2098338109,https://openalex.org/T13123,0.9985,False
https://openalex.org/W2098761057,https://openalex.org/T10051,0.9919,False
https://openalex.org/W2098761057,https://openalex.org/T10198,0.9869,False
https://openalex.org/W2098761057,https://openalex.org/T12434,0.9999,True
https://openalex.org/W2124815679,https://openalex.org/T10187,0.9999,True
https://openalex.org/W2124815679,https://openalex.org/T10262,0.9993,False
https://openalex.org/W2124815679,https://openalex.org/T11392,0.9993,False
https://openalex.org/W2124978267,https://openalex.org/T11582,0.9972,False
https://openalex.org/W2124978267,https://openalex.org/T12074,0.9961,False
https://openalex.org/W2124978267,https://openalex.org/T12274,0.9997,True
https://openalex.org/W2125431777,https://openalex.org/T10475,0.998,False
https://openalex.org/W2125431777,https://openalex.org/T11400,0.9981,True
https://openalex.org/W2125431777,https://openalex.org/T11542,0.9953,False
https://openalex.org/W2126047658,https://openalex.org/T10285,0.994,True
https://openalex.org/W2126047658,https://openalex.org/T10641,0.9914,False
https://openalex.org/W2126047658,https://openalex.org/T11638,0.9587,False
https://openalex.org/W2126048208,https://openalex.org/T10702,0.9873,False
https://openalex.org/W2126048208,https://openalex.org/T10879,0.9986,True
https://openalex.org/W2126048208,https://openalex.org/T11170,0.9906,False
https://openalex.org/W2126966164,https://openalex.org/T10634,0.9996,True
https://openalex.org/W2126966164,https://openalex.org/T10877,0.9931,False
https://openalex.org/W2126966164,https://openalex.org/T11033,0.9484,False
https://openalex.org/W2127408869,https://openalex.org/T10190,0.9935,True
https://openalex.org/W2127408869,https://openalex.org/T11244,0.9346,False
https://openalex.org/W2127408869,https://openalex.org/T11963,0.9528,False
https://openalex.org/W2187620470,https://openalex.org/T10101,0.9965,False
https://openalex.org/W2187620470,https://openalex.org/T10742,0.999,False
https://openalex.org/W2187620470,https://openalex.org/T11478,0.9999,True
https://openalex.org/W2200456437,https://openalex.org/T10152,0.9699,False
https://openalex.org/W2200456437,https://openalex.org/T10333,0.9978,True
https://openalex.org/W2200456437,https://openalex.org/T12388,0.9507,False
https://openalex.org/W2216250896,https://openalex.org/T14389,0.9073,True
https://openalex.org/W2224820783,https://openalex.org/T10750,0.9992,True
https://openalex.org/W2224820783,https://openalex.org/T11796,0.993,False
https://openalex.org/W2224820783,https://openalex.org/T11924,0.9929,False
https://openalex.org/W2243059945,https://openalex.org/T13394,0.8727,True
https://openalex.org/W2262225266,https://openalex.org/T10240,0.7776,False
https://openalex.org/W2262225266,https://openalex.org/T12330,0.7805,False
https://openalex.org/W2262225266,https://openalex.org/T12813,0.7979,True
https://openalex.org/W2264922306,https://openalex.org/T10870,0.9863,False
https://openalex.org/W2264922306,https://openalex.org/T11112,0.9482,False
https://openalex.org/W2264922306,https://openalex.org/T11189,0.9906,True
https://openalex.org/W2265602337,https://openalex.org/T13386,0.891,True
https://openalex.org/W2265602337,https://openalex.org/T13652,0.7763,False
https://openalex.org/W2265602337,https://openalex.org/T14342,0.7659,False
https://openalex.org/W2267226769,https://openalex.org/T13154,0.0105,False
https://openalex.org/W2267226769,https://openalex.org/T14235,0.0086,False
https://openalex.org/W2267226769,https://openalex.org/T14423,0.0184,True
https://openalex.org/W2268368070,https://openalex.org/T10893,0.0151,False
https://openalex.org/W2268368070,https://openalex.org/T12323,0.0518,True
https://openalex.org/W2268368070,https://openalex.org/T12375,0.0155,False
